alignment_index,human_pos,human_aa,rabbit_pos,rabbit_aa,label
1,1,M,1,M,
2,2,A,2,E,
3,3,H,3,H,
4,4,V,4,V,
5,5,R,5,P,
6,6,G,6,G,
7,7,L,7,L,
8,8,Q,8,R,
9,9,L,9,L,
10,10,P,10,A,
11,11,G,11,G,
12,12,C,12,C,
13,13,L,13,L,
14,14,A,14,A,
15,15,L,15,A,
16,16,A,16,A,
17,17,A,17,A,
18,18,L,18,L,
19,19,C,19,V,
20,20,S,20,S,
21,21,L,21,L,
22,22,V,22,V,
23,23,H,23,C,
24,24,S,24,S,
25,25,Q,25,Q,
26,26,H,26,Q,
27,27,V,27,V,
28,28,F,28,F,
29,29,L,29,L,
30,30,A,30,A,
31,31,P,31,P,
32,32,Q,32,Q,
33,33,Q,33,R,
34,34,A,34,A,
35,35,R,35,M,
36,36,S,36,S,
37,37,L,37,L,
38,38,L,38,L,
39,39,Q,39,Q,
40,40,R,40,R,
41,41,V,41,A,
42,42,R,42,R,
43,43,R,43,R,
44,44,A,44,A,
45,45,N,45,N,
46,46,T,46,T,
47,,-,47,G,
48,47,F,48,F,
49,48,L,49,L,
50,49,E,50,E,
51,50,E,51,E,
52,51,V,52,V,
53,52,R,53,R,
54,53,K,54,K,
55,54,G,55,G,
56,55,N,56,N,
57,56,L,57,L,
58,57,E,58,E,
59,58,R,59,R,
60,59,E,60,E,
61,60,C,61,C,
62,61,V,62,Y,
63,62,E,63,E,
64,63,E,64,E,
65,64,T,65,V,
66,65,C,66,C,
67,66,S,67,S,
68,67,Y,68,Y,
69,68,E,69,E,
70,69,E,70,E,
71,70,A,71,A,
72,71,F,72,F,
73,72,E,73,E,
74,73,A,74,A,
75,74,L,75,L,
76,75,E,76,E,
77,76,S,77,S,
78,77,S,78,S,
79,78,T,79,S,
80,79,A,80,A,
81,80,T,81,T,
82,81,D,82,E,
83,82,V,83,A,
84,83,F,84,F,
85,84,W,85,W,
86,85,A,86,A,
87,86,K,87,K,
88,87,Y,88,Y,
89,88,T,89,T,
90,89,A,90,A,
91,90,C,91,C,
92,91,E,92,E,
93,92,T,93,P,
94,93,A,94,V,
95,94,R,95,R,
96,95,T,96,T,
97,96,P,97,P,
98,97,R,98,R,
99,98,D,99,E,
100,99,K,100,N,
101,100,L,101,F,
102,101,A,102,T,
103,102,A,103,N,
104,103,C,104,C,
105,104,L,105,M,
106,105,E,106,E,
107,106,G,107,G,
108,107,N,108,H,
109,108,C,109,C,
110,109,A,110,A,
111,110,E,111,Q,
112,111,G,112,G,
113,112,L,113,L,
114,113,G,114,G,
115,114,T,115,T,
116,115,N,116,N,
117,116,Y,117,Y,
118,117,R,118,R,
119,118,G,119,G,
120,119,H,120,Q,
121,120,V,121,V,
122,121,N,122,S,
123,122,I,123,V,
124,123,T,124,T,
125,124,R,125,Q,
126,125,S,126,S,
127,126,G,127,G,
128,127,I,128,I,
129,128,E,129,E,
130,129,C,130,C,
131,130,Q,131,Q,
132,131,L,132,L,
133,132,W,133,W,
134,133,R,134,R,
135,134,S,135,S,
136,135,R,136,R,
137,136,Y,137,Y,
138,137,P,138,P,
139,138,H,139,H,
140,139,K,140,N,
141,140,P,141,P,
142,141,E,142,E,
143,142,I,143,I,
144,143,N,144,N,
145,144,S,145,F,
146,145,T,146,T,
147,146,T,147,T,
148,147,H,148,H,
149,148,P,149,P,
150,149,G,150,E,
151,150,A,151,A,
152,151,D,152,D,
153,152,L,153,L,
154,153,Q,154,K,
155,154,E,155,E,
156,155,N,156,N,
157,156,F,157,F,
158,157,C,158,C,
159,158,R,159,R,
160,159,N,160,N,
161,160,P,161,P,
162,161,D,162,D,
163,162,S,163,G,
164,163,S,164,S,
165,164,T,165,T,
166,165,T,166,T,
167,166,G,167,G,
168,167,P,168,P,
169,168,W,169,W,
170,169,C,170,C,
171,170,Y,171,Y,
172,171,T,172,T,
173,172,T,173,R,
174,173,D,174,D,
175,174,P,175,P,
176,175,T,176,S,
177,176,V,177,V,
178,177,R,178,R,
179,178,R,179,R,
180,179,Q,180,E,
181,180,E,181,E,
182,181,C,182,C,
183,182,S,183,S,
184,183,I,184,V,
185,184,P,185,P,
186,185,V,186,D,
187,186,C,187,C,
188,187,G,188,S,
189,188,Q,189,Q,
190,189,D,190,G,
191,190,Q,191,Q,
192,191,V,192,V,
193,192,T,193,T,
194,193,V,194,L,
195,194,A,195,E,
196,195,M,196,L,
197,196,T,197,R,
198,197,P,198,P,
199,198,R,199,R,
200,199,S,200,T,
201,200,E,201,G,
202,201,G,202,H,
203,202,S,203,S,
204,203,S,204,G,
205,204,V,205,V,
206,205,N,206,T,
207,206,L,207,Q,
208,207,S,208,P,
209,208,P,209,P,
210,209,P,210,P,
211,210,L,211,L,
212,211,E,212,E,
213,212,Q,213,P,
214,213,C,214,C,
215,214,V,215,V,
216,215,P,216,S,
217,216,D,217,E,
218,217,R,218,R,
219,218,G,219,G,
220,219,Q,220,R,
221,220,Q,221,H,
222,221,Y,222,Y,
223,222,Q,223,Q,
224,223,G,224,G,
225,224,R,225,R,
226,225,L,226,L,
227,226,A,227,A,
228,227,V,228,V,
229,228,T,229,T,
230,229,T,230,K,
231,230,H,231,Q,
232,231,G,232,G,
233,232,L,233,T,
234,233,P,234,P,
235,234,C,235,C,
236,235,L,236,L,
237,236,A,237,A,
238,237,W,238,W,
239,238,A,239,S,
240,239,S,240,S,
241,240,A,241,P,
242,241,Q,242,E,
243,242,A,243,A,
244,243,K,244,Q,
245,244,A,245,A,
246,245,L,246,L,
247,246,S,247,S,
248,247,K,248,R,
249,248,H,249,G,
250,249,Q,250,K,
251,250,D,251,S,
252,251,F,252,F,
253,252,N,253,S,
254,253,S,254,P,
255,254,A,255,Q,
256,255,V,256,V,
257,256,Q,257,P,
258,257,L,258,L,
259,258,V,259,V,
260,259,E,260,E,
261,260,N,261,N,
262,261,F,262,F,
263,262,C,263,C,
264,263,R,264,R,
265,264,N,265,N,
266,265,P,266,P,
267,266,D,267,D,
268,267,G,268,G,
269,268,D,269,D,
270,269,E,270,E,
271,270,E,271,E,
272,271,G,272,G,
273,272,V,273,A,
274,273,W,274,W,
275,274,C,275,C,
276,275,Y,276,Y,
277,276,V,277,V,
278,277,A,278,A,
279,278,G,279,G,
280,279,K,280,R,
281,280,P,281,P,
282,281,G,282,S,
283,282,D,283,S,
284,283,F,284,F,
285,284,G,285,E,
286,285,Y,286,Y,
287,286,C,287,C,
288,287,D,288,G,
289,288,L,289,L,
290,289,N,290,N,
291,290,Y,291,Y,
292,291,C,292,C,
293,292,E,293,E,
294,293,E,294,E,
295,294,A,295,A,
296,295,V,296,I,
297,296,E,297,E,
298,297,E,298,E,
299,298,E,299,E,
300,299,T,,-,
301,300,G,,-,first_Xa_window_300_330
302,301,D,,-,first_Xa_window_300_330
303,302,G,,-,first_Xa_window_300_330
304,303,L,,-,first_Xa_window_300_330
305,304,D,300,V,first_Xa_window_300_330
306,305,E,301,L,first_Xa_window_300_330
307,306,D,302,G,first_Xa_window_300_330
308,307,S,303,L,first_Xa_window_300_330
309,308,D,304,E,first_Xa_window_300_330
310,309,R,305,E,first_Xa_window_300_330
311,310,A,306,A,first_Xa_window_300_330
312,311,I,307,I,first_Xa_window_300_330
313,312,E,308,E,first_Xa_window_300_330
314,313,G,309,G,first_Xa_window_300_330
315,314,R,310,R,first_Xa_window_300_330;first_Xa_site_equiv_mature_R271_region
316,315,T,311,T,first_Xa_window_300_330;first_Xa_site_equiv_mature_R271_region
317,316,A,312,T,first_Xa_window_300_330
318,317,T,313,E,first_Xa_window_300_330
319,318,S,314,Q,first_Xa_window_300_330
320,319,E,315,E,first_Xa_window_300_330
321,320,Y,316,F,first_Xa_window_300_330
322,321,Q,317,Q,first_Xa_window_300_330
323,322,T,318,T,first_Xa_window_300_330
324,323,F,319,F,first_Xa_window_300_330
325,324,F,320,F,first_Xa_window_300_330
326,325,N,321,N,first_Xa_window_300_330
327,326,P,322,Q,first_Xa_window_300_330
328,327,R,323,E,first_Xa_window_300_330
329,328,T,324,T,first_Xa_window_300_330
330,329,F,325,F,first_Xa_window_300_330
331,330,G,326,G,first_Xa_window_300_330
332,331,S,327,T,
333,332,G,328,G,
334,333,E,329,E,
335,334,A,330,A,
336,335,D,331,D,
337,336,C,332,C,
338,337,G,333,G,
339,338,L,334,L,
340,339,R,335,R,
341,340,P,336,P,
342,341,L,337,L,
343,342,F,338,F,
344,343,E,339,E,
345,344,K,340,K,
346,345,K,341,K,
347,346,S,342,S,
348,347,L,343,L,
349,348,E,344,K,
350,349,D,345,D,
351,350,K,346,E,second_Xa_window_350_375
352,351,T,347,R,second_Xa_window_350_375
353,352,E,348,E,second_Xa_window_350_375
354,353,R,349,E,second_Xa_window_350_375
355,354,E,350,E,second_Xa_window_350_375
356,355,L,351,L,second_Xa_window_350_375
357,356,L,352,L,second_Xa_window_350_375
358,357,E,353,E,second_Xa_window_350_375
359,358,S,354,S,second_Xa_window_350_375
360,359,Y,355,Y,second_Xa_window_350_375
361,360,I,356,I,second_Xa_window_350_375
362,361,D,357,H,second_Xa_window_350_375
363,362,G,358,G,second_Xa_window_350_375
364,363,R,359,R,second_Xa_window_350_375;second_Xa_site_equiv_mature_R320_region
365,364,I,360,I,second_Xa_window_350_375;second_Xa_site_equiv_mature_R320_region
366,365,V,361,V,second_Xa_window_350_375
367,366,E,362,G,second_Xa_window_350_375
368,367,G,363,G,second_Xa_window_350_375
369,368,S,364,R,second_Xa_window_350_375
370,369,D,365,D,second_Xa_window_350_375
371,370,A,366,A,second_Xa_window_350_375
372,371,E,367,Q,second_Xa_window_350_375
373,372,I,368,I,second_Xa_window_350_375
374,373,G,369,G,second_Xa_window_350_375
375,374,M,370,S,second_Xa_window_350_375
376,375,S,371,A,second_Xa_window_350_375
377,376,P,372,P,
378,377,W,373,W,
379,378,Q,374,Q,
380,379,V,375,V,
381,380,M,376,M,
382,381,L,377,I,
383,382,F,378,F,
384,383,R,379,R,
385,384,K,380,K,
386,385,S,381,S,
387,386,P,382,P,
388,387,Q,383,Q,
389,388,E,384,E,
390,389,L,385,L,
391,390,L,386,L,
392,391,C,387,C,
393,392,G,388,G,
394,393,A,389,A,
395,394,S,390,S,
396,395,L,391,L,
397,396,I,392,I,
398,397,S,393,S,
399,398,D,394,D,
400,399,R,395,R,
401,400,W,396,W,
402,401,V,397,V,
403,402,L,398,L,
404,403,T,399,T,
405,404,A,400,A,
406,405,A,401,A,
407,406,H,402,H,
408,407,C,403,C,
409,408,L,404,L,
410,409,L,405,L,
411,410,Y,406,Y,
412,411,P,407,P,
413,412,P,408,P,
414,413,W,409,W,
415,414,D,410,D,
416,415,K,411,K,
417,416,N,412,N,
418,417,F,413,F,
419,418,T,414,T,
420,419,E,415,V,
421,420,N,416,N,
422,421,D,417,D,
423,422,L,418,I,
424,423,L,419,L,
425,424,V,420,V,
426,425,R,421,R,
427,426,I,422,I,
428,427,G,423,G,
429,428,K,424,K,
430,429,H,425,Y,
431,430,S,426,A,
432,431,R,427,R,
433,432,T,428,S,
434,433,R,429,R,
435,434,Y,430,Y,
436,435,E,431,E,
437,436,R,432,R,
438,437,N,433,N,
439,438,I,434,M,
440,439,E,435,E,
441,440,K,436,K,
442,441,I,437,I,
443,442,S,438,S,
444,443,M,439,T,
445,444,L,440,L,
446,445,E,441,E,
447,446,K,442,K,
448,447,I,443,I,
449,448,Y,444,I,
450,449,I,445,I,
451,450,H,446,H,
452,451,P,447,P,
453,452,R,448,G,
454,453,Y,449,Y,
455,454,N,450,N,
456,455,W,451,W,
457,456,R,452,R,
458,457,E,453,E,
459,458,N,454,N,
460,459,L,455,L,
461,460,D,456,D,
462,461,R,457,R,
463,462,D,458,D,
464,463,I,459,I,
465,464,A,460,A,
466,465,L,461,L,
467,466,M,462,M,
468,467,K,463,K,
469,468,L,464,L,
470,469,K,465,K,
471,470,K,466,K,
472,471,P,467,P,
473,472,V,468,V,
474,473,A,469,A,
475,474,F,470,F,
476,475,S,471,S,
477,476,D,472,D,
478,477,Y,473,Y,
479,478,I,474,I,
480,479,H,475,H,
481,480,P,476,P,
482,481,V,477,V,
483,482,C,478,C,
484,483,L,479,L,
485,484,P,480,P,
486,485,D,481,D,
487,486,R,482,K,
488,487,E,483,Q,
489,488,T,484,I,
490,489,A,485,V,
491,490,A,486,T,
492,491,S,487,S,
493,492,L,488,L,
494,493,L,489,L,
495,494,Q,490,Q,
496,495,A,491,A,
497,496,G,492,G,
498,497,Y,493,H,
499,498,K,494,K,
500,499,G,495,G,
501,500,R,496,R,
502,501,V,497,V,
503,502,T,498,T,
504,503,G,499,G,
505,504,W,500,W,
506,505,G,501,G,
507,506,N,502,N,
508,507,L,503,L,
509,508,K,504,K,
510,509,E,505,E,
511,510,T,506,M,
512,511,W,507,W,
513,512,T,508,T,
514,513,A,509,V,
515,514,N,510,N,
516,515,V,511,M,
517,516,G,512,N,
518,517,K,513,E,
519,518,G,514,V,
520,519,Q,515,Q,
521,520,P,516,P,
522,521,S,517,S,
523,522,V,518,V,
524,523,L,519,L,
525,524,Q,520,Q,
526,525,V,521,M,
527,526,V,522,V,
528,527,N,523,N,
529,528,L,524,L,
530,529,P,525,P,
531,530,I,526,L,
532,531,V,527,V,
533,532,E,528,E,
534,533,R,529,R,
535,534,P,530,P,
536,535,V,531,I,
537,536,C,532,C,
538,537,K,533,K,
539,538,D,534,A,
540,539,S,535,S,
541,540,T,536,T,
542,541,R,537,R,
543,542,I,538,I,
544,543,R,539,R,
545,544,I,540,V,
546,545,T,541,T,
547,546,D,542,D,
548,547,N,543,N,
549,548,M,544,M,
550,549,F,545,F,
551,550,C,546,C,
552,551,A,547,A,
553,552,G,548,G,
554,553,Y,549,Y,
555,554,K,550,K,
556,555,P,551,P,
557,556,D,552,E,
558,557,E,553,E,
559,558,G,554,G,
560,559,K,555,K,
561,560,R,556,R,
562,561,G,557,G,
563,562,D,558,D,
564,563,A,559,A,
565,564,C,560,C,
566,565,E,561,E,
567,566,G,562,G,
568,567,D,563,D,
569,568,S,564,S,
570,569,G,565,G,
571,570,G,566,G,
572,571,P,567,P,
573,572,F,568,F,
574,573,V,569,V,
575,574,M,570,M,
576,575,K,571,K,
577,576,S,572,N,
578,577,P,573,P,
579,578,F,574,Y,
580,579,N,575,N,
581,580,N,576,N,
582,581,R,577,R,
583,582,W,578,W,
584,583,Y,579,Y,
585,584,Q,580,Q,
586,585,M,581,M,
587,586,G,582,G,
588,587,I,583,I,
589,588,V,584,V,
590,589,S,585,S,
591,590,W,586,W,
592,591,G,587,G,
593,592,E,588,E,
594,593,G,589,G,
595,594,C,590,C,
596,595,D,591,D,
597,596,R,592,R,
598,597,D,593,D,
599,598,G,594,G,
600,599,K,595,K,
601,600,Y,596,Y,
602,601,G,597,G,
603,602,F,598,F,
604,603,Y,599,Y,
605,604,T,600,T,
606,605,H,601,H,
607,606,V,602,V,
608,607,F,603,F,
609,608,R,604,R,
610,609,L,605,L,
611,610,K,606,K,
612,611,K,607,K,
613,612,W,608,W,
614,613,I,609,I,
615,614,Q,610,R,
616,615,K,611,K,
617,616,V,612,M,
618,617,I,613,V,
619,618,D,614,D,
620,619,Q,615,R,
621,620,F,616,F,
622,621,G,617,G,
623,622,E,,-,
